[{"Id":"Admin12345","HistoryPassword":["","","Admin12345"],"tryLogin":0},{"Id":"Amit123456","HistoryPassword":["","","$2b$10$NJgd9MhMtVMBVSM8G0pGROWD/UeMrGFN8J8ej5C4bRFMpA2pEXIzK"],"tryLogin":3},{"Id":"Amit1234567","HistoryPassword":["","","$2b$10$NJgd9MhMtVMBVSM8G0pGROWD/UeMrGFN8J8ej5C4bRFMpA2pEXIzK"],"tryLogin":3},{"Id":"Amit123456789","HistoryPassword":["","","$2b$10$NJgd9MhMtVMBVSM8G0pGROWD/UeMrGFN8J8ej5C4bRFMpA2pEXIzK"],"tryLogin":0},{"Id":"a","HistoryPassword":["$2b$10$NJgd9MhMtVMBVSM8G0pGROqo2DJC.FhhOsejJLVUzjNmKQ.E1Jqe.","$2b$10$NJgd9MhMtVMBVSM8G0pGROvAgue5upyaM7y9SqbkTjq8xuoWckN2m","$2b$10$NJgd9MhMtVMBVSM8G0pGRONj1OZ9j22LN8eFcjn54KTgMqvtauCAW"],"tryLogin":3},{"Id":"a1","HistoryPassword":["$2b$10$NJgd9MhMtVMBVSM8G0pGROubGg/4drzKNw6Vxylx.MM6INysv3KgG"],"tryLogin":3},{"Id":"f1","HistoryPassword":["$2b$10$NJgd9MhMtVMBVSM8G0pGROubGg/4drzKNw6Vxylx.MM6INysv3KgG"],"tryLogin":0},{"Id":"af","HistoryPassword":["$2b$10$NJgd9MhMtVMBVSM8G0pGROubGg/4drzKNw6Vxylx.MM6INysv3KgG"],"tryLogin":0},{"Id":"f","HistoryPassword":["$2b$10$NJgd9MhMtVMBVSM8G0pGROqo2DJC.FhhOsejJLVUzjNmKQ.E1Jqe.","",""],"tryLogin":1},{"Id":"ff","HistoryPassword":["$2b$10$NJgd9MhMtVMBVSM8G0pGRORQbJ5xh/G5OIIHUGKrKY9kxfVQFfNvu","$2b$10$NJgd9MhMtVMBVSM8G0pGRORQbJ5xh/G5OIIHUGKrKY9kxfVQFfNvu",{}],"tryLogin":0},{"Id":"am","HistoryPassword":["$2b$10$NJgd9MhMtVMBVSM8G0pGROFFJ33i6UIDLx5Q8V0sx7lUTuvi9kHe2","$2b$10$NJgd9MhMtVMBVSM8G0pGROubGg/4drzKNw6Vxylx.MM6INysv3KgG",""],"tryLogin":0},{"Id":"AmitYona619","HistoryPassword":["$2b$10$NJgd9MhMtVMBVSM8G0pGRONj1OZ9j22LN8eFcjn54KTgMqvtauCAW","$2b$10$NJgd9MhMtVMBVSM8G0pGROubGg/4drzKNw6Vxylx.MM6INysv3KgG","$2b$10$NJgd9MhMtVMBVSM8G0pGROubGg/4drzKNw6Vxylx.MM6INysv3KgG"],"tryLogin":0},{"Id":"asf","HistoryPassword":["$2b$10$NJgd9MhMtVMBVSM8G0pGROubGg/4drzKNw6Vxylx.MM6INysv3KgG","",""],"tryLogin":3},{"Id":"asfb","HistoryPassword":["$2b$10$NJgd9MhMtVMBVSM8G0pGRONj1OZ9j22LN8eFcjn54KTgMqvtauCAW","",""],"tryLogin":0},{"Id":"asfa","HistoryPassword":["$2b$10$NJgd9MhMtVMBVSM8G0pGRONj1OZ9j22LN8eFcjn54KTgMqvtauCAW","",""],"tryLogin":0},{"Id":"Am1","HistoryPassword":["$2b$10$NJgd9MhMtVMBVSM8G0pGROOEtx8tlUrOrgtoNoQPlmKfW35r/SiWC","$2b$10$NJgd9MhMtVMBVSM8G0pGRONj1OZ9j22LN8eFcjn54KTgMqvtauCAW","$2b$10$NJgd9MhMtVMBVSM8G0pGROubGg/4drzKNw6Vxylx.MM6INysv3KgG"],"tryLogin":0},{"Id":"Yona","HistoryPassword":["$2b$10$NJgd9MhMtVMBVSM8G0pGROubGg/4drzKNw6Vxylx.MM6INysv3KgG","",""],"tryLogin":3},{"Id":"Tal","HistoryPassword":["$2b$10$NJgd9MhMtVMBVSM8G0pGRO6TRdufS2mlkTFFLek3dvlBIt0s7fdm.","$2b$10$NJgd9MhMtVMBVSM8G0pGRONy1lbBQyHgDACa1QzJfTYSZGJ5pqNN.","$2b$10$NJgd9MhMtVMBVSM8G0pGRO6TRdufS2mlkTFFLek3dvlBIt0s7fdm."],"tryLogin":0},{"Id":"aasf","HistoryPassword":["$2b$10$NJgd9MhMtVMBVSM8G0pGROubGg/4drzKNw6Vxylx.MM6INysv3KgG","",""],"tryLogin":0},{"Id":"y","HistoryPassword":["$2b$10$NJgd9MhMtVMBVSM8G0pGRONj1OZ9j22LN8eFcjn54KTgMqvtauCAW","$2b$10$NJgd9MhMtVMBVSM8G0pGROubGg/4drzKNw6Vxylx.MM6INysv3KgG","$2b$10$NJgd9MhMtVMBVSM8G0pGROubGg/4drzKNw6Vxylx.MM6INysv3KgG"],"tryLogin":0},{"Id":"aasfasfasf","HistoryPassword":["$2b$10$NJgd9MhMtVMBVSM8G0pGROubGg/4drzKNw6Vxylx.MM6INysv3KgG","",""],"tryLogin":0},{"Id":"Tal1","HistoryPassword":["$2b$10$NJgd9MhMtVMBVSM8G0pGROvAgue5upyaM7y9SqbkTjq8xuoWckN2m","$2b$10$NJgd9MhMtVMBVSM8G0pGRONj1OZ9j22LN8eFcjn54KTgMqvtauCAW","$2b$10$NJgd9MhMtVMBVSM8G0pGROubGg/4drzKNw6Vxylx.MM6INysv3KgG"],"tryLogin":0},{"Id":"1","HistoryPassword":["$2b$10$NJgd9MhMtVMBVSM8G0pGROubGg/4drzKNw6Vxylx.MM6INysv3KgG","",""],"tryLogin":1},{"Id":"ab","HistoryPassword":["$2b$10$NJgd9MhMtVMBVSM8G0pGROqo2DJC.FhhOsejJLVUzjNmKQ.E1Jqe.","$2b$10$NJgd9MhMtVMBVSM8G0pGROubGg/4drzKNw6Vxylx.MM6INysv3KgG",""],"tryLogin":0},{"Id":"asfasfasf","HistoryPassword":["$2b$10$NJgd9MhMtVMBVSM8G0pGROubGg/4drzKNw6Vxylx.MM6INysv3KgG","",""],"tryLogin":2},{"Id":"asfasf","HistoryPassword":["$2b$10$NJgd9MhMtVMBVSM8G0pGROubGg/4drzKNw6Vxylx.MM6INysv3KgG","",""],"tryLogin":0},{"Id":"a12","HistoryPassword":["$2b$10$NJgd9MhMtVMBVSM8G0pGROubGg/4drzKNw6Vxylx.MM6INysv3KgG","",""],"tryLogin":0},{"Id":"ag","HistoryPassword":["$2b$10$NJgd9MhMtVMBVSM8G0pGRONy1lbBQyHgDACa1QzJfTYSZGJ5pqNN.","",""],"tryLogin":0},{"Id":"a2","HistoryPassword":["$2b$10$NJgd9MhMtVMBVSM8G0pGROubGg/4drzKNw6Vxylx.MM6INysv3KgG","",""],"tryLogin":0},{"Id":"amit1","HistoryPassword":["$2b$10$NJgd9MhMtVMBVSM8G0pGROubGg/4drzKNw6Vxylx.MM6INysv3KgG","",""],"tryLogin":0},{"Id":"galaharon","HistoryPassword":["$2b$10$NJgd9MhMtVMBVSM8G0pGROqo2DJC.FhhOsejJLVUzjNmKQ.E1Jqe.","",""],"tryLogin":1},{"Id":"aa","HistoryPassword":["$2b$10$NJgd9MhMtVMBVSM8G0pGRO.qM4mYv/KJM7kajcnFp6.wA9wSTckgC","$2b$10$NJgd9MhMtVMBVSM8G0pGRONj1OZ9j22LN8eFcjn54KTgMqvtauCAW","$2b$10$NJgd9MhMtVMBVSM8G0pGROubGg/4drzKNw6Vxylx.MM6INysv3KgG"],"tryLogin":0},{"Id":"aaa","HistoryPassword":["$2b$10$NJgd9MhMtVMBVSM8G0pGROubGg/4drzKNw6Vxylx.MM6INysv3KgG","",""],"tryLogin":0},{"Id":"asfasg","HistoryPassword":["$2b$10$NJgd9MhMtVMBVSM8G0pGROubGg/4drzKNw6Vxylx.MM6INysv3KgG","",""],"tryLogin":0},{"Id":"amit","HistoryPassword":["$2b$10$NJgd9MhMtVMBVSM8G0pGROK6nruqpy6v33b05NXOuZk7WaFOOuHLi","$2b$10$NJgd9MhMtVMBVSM8G0pGROdz.0dweDmiBfodrG3h3.MNWcalHaFXS","$2b$10$NJgd9MhMtVMBVSM8G0pGROvAgue5upyaM7y9SqbkTjq8xuoWckN2m"],"tryLogin":0},{"Id":"ab3","HistoryPassword":["$2b$10$NJgd9MhMtVMBVSM8G0pGRONj1OZ9j22LN8eFcjn54KTgMqvtauCAW","$2b$10$NJgd9MhMtVMBVSM8G0pGROubGg/4drzKNw6Vxylx.MM6INysv3KgG",""],"tryLogin":0},{"Id":"a123","HistoryPassword":["$2b$10$NJgd9MhMtVMBVSM8G0pGROubGg/4drzKNw6Vxylx.MM6INysv3KgG","",""],"tryLogin":0},{"Id":"asf12","HistoryPassword":["$2b$10$NJgd9MhMtVMBVSM8G0pGROubGg/4drzKNw6Vxylx.MM6INysv3KgG","",""],"tryLogin":0},{"Id":"asf12f","HistoryPassword":["$2b$10$NJgd9MhMtVMBVSM8G0pGROubGg/4drzKNw6Vxylx.MM6INysv3KgG","",""],"tryLogin":0},{"Id":"a","HistoryPassword":["$2b$10$NJgd9MhMtVMBVSM8G0pGROubGg/4drzKNw6Vxylx.MM6INysv3KgG","",""],"tryLogin":0},{"Id":"b","HistoryPassword":["$2b$10$NJgd9MhMtVMBVSM8G0pGROvAgue5upyaM7y9SqbkTjq8xuoWckN2m","$2b$10$NJgd9MhMtVMBVSM8G0pGROubGg/4drzKNw6Vxylx.MM6INysv3KgG","$2b$10$NJgd9MhMtVMBVSM8G0pGRONj1OZ9j22LN8eFcjn54KTgMqvtauCAW"],"tryLogin":0},{"Id":"amit 1","HistoryPassword":["$2b$10$NJgd9MhMtVMBVSM8G0pGROqo2DJC.FhhOsejJLVUzjNmKQ.E1Jqe.","",""],"tryLogin":0},{"Id":"asf1","HistoryPassword":["$2b$10$NJgd9MhMtVMBVSM8G0pGROubGg/4drzKNw6Vxylx.MM6INysv3KgG","",""],"tryLogin":2},{"Id":"bs","HistoryPassword":["$2b$10$NJgd9MhMtVMBVSM8G0pGROqo2DJC.FhhOsejJLVUzjNmKQ.E1Jqe.","",""],"tryLogin":1}]
